StartDate,EndDate,Status,IPAddress,Progress,Duration (in seconds),Finished,RecordedDate,ResponseId,RecipientLastName,RecipientFirstName,RecipientEmail,ExternalReference,LocationLatitude,LocationLongitude,DistributionChannel,UserLanguage,Q1,Q3,Q3_5_TEXT,Q4,Q4_1_TEXT,Q4_2_TEXT,Q4_3_TEXT,Q5,Q5_4_TEXT,Q6,Q6_6_TEXT,Q7,Q9,Q10_2,Q11,Q12_1,Q12_2,Q12_3,Q12_4,Q12_5,Q12_6,Q12_7,Q12_8,Q12_9,Q12_10,Q12_11,Q12_12,Q12_13,Q12_14,Q12_15,Q12_16,Q12_17,Q12_18,Q12_19,Q12_20,Q12_21,Q12_22,Q12_23,Q12_24,Q12_25,Q12_26,Q12_27,Q12_28,Q12_29,Q12_30,Q12_31,Q12_32,Q12_33,Q12_1,Q12_2,Q12_3,Q12_4,Q12_5,Q12_6,Q12_7,Q12_8,Q12_9,Q12_10,Q12_11,Q12_12,Q12_13,Q12_14,Q12_15,Q12_16,Q12_17,Q12_18,Q12_19,Q12_20,Q12_21,Q12_22,Q12_23,Q12_24,Q12_25,Q12_26,Q12_27,Q12_28,Q12_29,Q12_30,Q12_31,Q12_32,Q12_33,Q13_1,Q13_2,Q13_3,Q14_1,Q14_2,Q14_3,Q15_1,Q15_2,Q15_3,Q16_1,Q16_2,Q17_1,Q17_2,Q18,Q19_1,Q19_2,Q19_3,Q19_4,Q19_5,Q19_6,Q20,Q21_1,Q21_2,Q21_3,Q22,Q22_4_TEXT,Q23,Q24,Q25,Q26,Q27,Q28,Q29,Q30
Start Date,End Date,Response Type,IP Address,Progress,Duration (in seconds),Finished,Recorded Date,Response ID,Recipient Last Name,Recipient First Name,Recipient Email,External Data Reference,Location Latitude,Location Longitude,Distribution Channel,User Language,Please enter your net ID so you can receive credit for taking this survey.,What year are you? - Selected Choice,What year are you? - Other—please describe. - Text,In what year do you expect to graduate? - Selected Choice,In what year do you expect to graduate? - May of - Text,In what year do you expect to graduate? - August of - Text,In what year do you expect to graduate? - December of - Text,Check all that apply: Duke has granted me course credit for - Selected Choice,Check all that apply: Duke has granted me course credit for - Other—please describe. - Text,What motivated you to take this course? Check all that apply. - Selected Choice,What motivated you to take this course? Check all that apply. - Other—please describe. - Text,Did any of the following factors induce you to take this course this semester?,What types occupations are you considering pursuing? Check as many that apply.,"As of right now, what do you think the probability is that you will major in economics? (Either a first or second major.) - Probability:","As of right now, do you expect to major in economics?",Suppose that the Economics major were no longer an option. Check the one or two alternative majors you would most likely choose instead. - African and African American Studies,Suppose that the Economics major were no longer an option. Check the one or two alternative majors you would most likely choose instead. - Art History,Suppose that the Economics major were no longer an option. Check the one or two alternative majors you would most likely choose instead. - Asian and Middle Eastern Studies,Suppose that the Economics major were no longer an option. Check the one or two alternative majors you would most likely choose instead. - Biology,Suppose that the Economics major were no longer an option. Check the one or two alternative majors you would most likely choose instead. - Biomedical Engineering,Suppose that the Economics major were no longer an option. Check the one or two alternative majors you would most likely choose instead. - Chemistry,Suppose that the Economics major were no longer an option. Check the one or two alternative majors you would most likely choose instead. - Civil Engineering,Suppose that the Economics major were no longer an option. Check the one or two alternative majors you would most likely choose instead. - Classical Languages,Suppose that the Economics major were no longer an option. Check the one or two alternative majors you would most likely choose instead. - Computer Science,Suppose that the Economics major were no longer an option. Check the one or two alternative majors you would most likely choose instead. - Cultural Anthropology,Suppose that the Economics major were no longer an option. Check the one or two alternative majors you would most likely choose instead. - Electrical and Computer Engineering,Suppose that the Economics major were no longer an option. Check the one or two alternative majors you would most likely choose instead. - English,Suppose that the Economics major were no longer an option. Check the one or two alternative majors you would most likely choose instead. - Environmental Sciences,Suppose that the Economics major were no longer an option. Check the one or two alternative majors you would most likely choose instead. - Evolutionary Anthropology,Suppose that the Economics major were no longer an option. Check the one or two alternative majors you would most likely choose instead. - French Studies,"Suppose that the Economics major were no longer an option. Check the one or two alternative majors you would most likely choose instead. - Gender, Sexuality, and Feminist Studies",Suppose that the Economics major were no longer an option. Check the one or two alternative majors you would most likely choose instead. - German,Suppose that the Economics major were no longer an option. Check the one or two alternative majors you would most likely choose instead. - Global Health,Suppose that the Economics major were no longer an option. Check the one or two alternative majors you would most likely choose instead. - History,Suppose that the Economics major were no longer an option. Check the one or two alternative majors you would most likely choose instead. - International Comparative Studies,Suppose that the Economics major were no longer an option. Check the one or two alternative majors you would most likely choose instead. - Mathematics,Suppose that the Economics major were no longer an option. Check the one or two alternative majors you would most likely choose instead. - Mechanical Engineering,Suppose that the Economics major were no longer an option. Check the one or two alternative majors you would most likely choose instead. - Neuroscience,Suppose that the Economics major were no longer an option. Check the one or two alternative majors you would most likely choose instead. - Philosophy,Suppose that the Economics major were no longer an option. Check the one or two alternative majors you would most likely choose instead. - Physics,Suppose that the Economics major were no longer an option. Check the one or two alternative majors you would most likely choose instead. - Political Science,Suppose that the Economics major were no longer an option. Check the one or two alternative majors you would most likely choose instead. - Psychology,Suppose that the Economics major were no longer an option. Check the one or two alternative majors you would most likely choose instead. - Public Policy Studies,Suppose that the Economics major were no longer an option. Check the one or two alternative majors you would most likely choose instead. - Sociology,Suppose that the Economics major were no longer an option. Check the one or two alternative majors you would most likely choose instead. - Statistical Science,Suppose that the Economics major were no longer an option. Check the one or two alternative majors you would most likely choose instead. - Theater Studies,Suppose that the Economics major were no longer an option. Check the one or two alternative majors you would most likely choose instead. - Visual and Media Studies,Suppose that the Economics major were no longer an option. Check the one or two alternative majors you would most likely choose instead. - Other,"Since you do not plan to major in Economics, what do you plan to major in instead? Check one or two alternative majors. - African and African American Studies","Since you do not plan to major in Economics, what do you plan to major in instead? Check one or two alternative majors. - Art History","Since you do not plan to major in Economics, what do you plan to major in instead? Check one or two alternative majors. - Asian and Middle Eastern Studies","Since you do not plan to major in Economics, what do you plan to major in instead? Check one or two alternative majors. - Biology","Since you do not plan to major in Economics, what do you plan to major in instead? Check one or two alternative majors. - Biomedical Engineering","Since you do not plan to major in Economics, what do you plan to major in instead? Check one or two alternative majors. - Chemistry","Since you do not plan to major in Economics, what do you plan to major in instead? Check one or two alternative majors. - Civil Engineering","Since you do not plan to major in Economics, what do you plan to major in instead? Check one or two alternative majors. - Classical Languages","Since you do not plan to major in Economics, what do you plan to major in instead? Check one or two alternative majors. - Computer Science","Since you do not plan to major in Economics, what do you plan to major in instead? Check one or two alternative majors. - Cultural Anthropology","Since you do not plan to major in Economics, what do you plan to major in instead? Check one or two alternative majors. - Electrical and Computer Engineering","Since you do not plan to major in Economics, what do you plan to major in instead? Check one or two alternative majors. - English","Since you do not plan to major in Economics, what do you plan to major in instead? Check one or two alternative majors. - Environmental Sciences","Since you do not plan to major in Economics, what do you plan to major in instead? Check one or two alternative majors. - Evolutionary Anthropology","Since you do not plan to major in Economics, what do you plan to major in instead? Check one or two alternative majors. - French Studies","Since you do not plan to major in Economics, what do you plan to major in instead? Check one or two alternative majors. - Gender, Sexuality, and Feminist Studies","Since you do not plan to major in Economics, what do you plan to major in instead? Check one or two alternative majors. - German","Since you do not plan to major in Economics, what do you plan to major in instead? Check one or two alternative majors. - Global Health","Since you do not plan to major in Economics, what do you plan to major in instead? Check one or two alternative majors. - History","Since you do not plan to major in Economics, what do you plan to major in instead? Check one or two alternative majors. - International Comparative Studies","Since you do not plan to major in Economics, what do you plan to major in instead? Check one or two alternative majors. - Mathematics","Since you do not plan to major in Economics, what do you plan to major in instead? Check one or two alternative majors. - Mechanical Engineering","Since you do not plan to major in Economics, what do you plan to major in instead? Check one or two alternative majors. - Neuroscience","Since you do not plan to major in Economics, what do you plan to major in instead? Check one or two alternative majors. - Philosophy","Since you do not plan to major in Economics, what do you plan to major in instead? Check one or two alternative majors. - Physics","Since you do not plan to major in Economics, what do you plan to major in instead? Check one or two alternative majors. - Political Science","Since you do not plan to major in Economics, what do you plan to major in instead? Check one or two alternative majors. - Psychology","Since you do not plan to major in Economics, what do you plan to major in instead? Check one or two alternative majors. - Public Policy Studies","Since you do not plan to major in Economics, what do you plan to major in instead? Check one or two alternative majors. - Sociology","Since you do not plan to major in Economics, what do you plan to major in instead? Check one or two alternative majors. - Statistical Science","Since you do not plan to major in Economics, what do you plan to major in instead? Check one or two alternative majors. - Theater Studies","Since you do not plan to major in Economics, what do you plan to major in instead? Check one or two alternative majors. - Visual and Media Studies","Since you do not plan to major in Economics, what do you plan to major in instead? Check one or two alternative majors. - Other","Regarding welcomeness in Economics, how do you currently feel about the environment? - I feel welcome in my class.","Regarding welcomeness in Economics, how do you currently feel about the environment? - I feel that I belong with students who major in Economics.","Regarding welcomeness in Economics, how do you currently feel about the environment? - I feel that my professor would support my choice to major in Economics.","Regarding welcomeness in Economics, how have your feelings changed since the first day of class? - I feel more welcome in my class.","Regarding welcomeness in Economics, how have your feelings changed since the first day of class? - I feel more that I belong with students who major in Economics.","Regarding welcomeness in Economics, how have your feelings changed since the first day of class? - I feel more that my professor would support my choice to major in Economics.","Regarding welcomeness in other social sciences, how do you feel or think you would feel about the environment? - I feel (or think I would feel) welcome in my classes.","Regarding welcomeness in other social sciences, how do you feel or think you would feel about the environment? - I feel (or think I would feel) that I belong with students majoring in other social sciences.","Regarding welcomeness in other social sciences, how do you feel or think you would feel about the environment? - I feel (or think I would feel) that my professors would support my choice to major in those departments.","As compared to other majors, what is your impression regarding the level of competition among Duke students in the Economics major? - In exam and course performance (ex. GPA)","As compared to other majors, what is your impression regarding the level of competition among Duke students in the Economics major? - In job and internship placements","Regarding competition, how have your feelings changed since the first day of class? - In exam and course performance (ex. GPA)","Regarding competition, how have your feelings changed since the first day of class? - In job and internship placements",Which of the following do you think might be studied by economists? Check all that apply.,"On a scale of 0 to 10, how strong is your interest in these subjects: - Logic","On a scale of 0 to 10, how strong is your interest in these subjects: - Mathematics","On a scale of 0 to 10, how strong is your interest in these subjects: - Literature or poetry","On a scale of 0 to 10, how strong is your interest in these subjects: - Art or music","On a scale of 0 to 10, how strong is your interest in these subjects: - Social relationships","On a scale of 0 to 10, how strong is your interest in these subjects: - Organization and structure of society",How frequently do you follow the news?,"Please set the slider at the appropriate level, with 0 representing extremely left political leanings, and 5 being extremely right. - Where do you see yourself on the left-to-right political spectrum?","Please set the slider at the appropriate level, with 0 representing extremely left political leanings, and 5 being extremely right. - Where do think the economics faculty is on this spectrum?","Please set the slider at the appropriate level, with 0 representing extremely left political leanings, and 5 being extremely right. - Where do you think the faculty in other social sciences is on this spectrum?",Do your answers in the previous question influence your probability of majoring in economics? - Selected Choice,Do your answers in the previous question influence your probability of majoring in economics? - Other. Please explain: - Text,Please mark the appropriate choice for the level of education received by your parents.,I am the first-born among my siblings or an only child.,"Optional: Are you of Spanish, Hispanic, or Latino origin?",Optional: Please indicate how you identify yourself. (Check all that apply.),Optional: With which gender do you identify?,Do you give permission to use your anonymized responses in future statistical research?,"Have your responses to any of the previous questions been affected on account of the COVID-19 situation? If so, please describe how they have been affected. Feel free to add as much detail as you like.",You have reached the end of the survey. Please click the arrow button below to submit your responses. We welcome your comments on any questions here.
"{""ImportId"":""startDate"",""timeZone"":""America/Denver""}","{""ImportId"":""endDate"",""timeZone"":""America/Denver""}","{""ImportId"":""status""}","{""ImportId"":""ipAddress""}","{""ImportId"":""progress""}","{""ImportId"":""duration""}","{""ImportId"":""finished""}","{""ImportId"":""recordedDate"",""timeZone"":""America/Denver""}","{""ImportId"":""_recordId""}","{""ImportId"":""recipientLastName""}","{""ImportId"":""recipientFirstName""}","{""ImportId"":""recipientEmail""}","{""ImportId"":""externalDataReference""}","{""ImportId"":""locationLatitude""}","{""ImportId"":""locationLongitude""}","{""ImportId"":""distributionChannel""}","{""ImportId"":""userLanguage""}","{""ImportId"":""QID46_TEXT""}","{""ImportId"":""QID9""}","{""ImportId"":""QID9_5_TEXT""}","{""ImportId"":""QID45""}","{""ImportId"":""QID45_1_TEXT""}","{""ImportId"":""QID45_2_TEXT""}","{""ImportId"":""QID45_3_TEXT""}","{""ImportId"":""QID2""}","{""ImportId"":""QID2_4_TEXT""}","{""ImportId"":""QID1""}","{""ImportId"":""QID1_6_TEXT""}","{""ImportId"":""QID54""}","{""ImportId"":""QID40""}","{""ImportId"":""QID13_2""}","{""ImportId"":""QID30""}","{""ImportId"":""QID17_1""}","{""ImportId"":""QID17_2""}","{""ImportId"":""QID17_3""}","{""ImportId"":""QID17_4""}","{""ImportId"":""QID17_5""}","{""ImportId"":""QID17_7""}","{""ImportId"":""QID17_8""}","{""ImportId"":""QID17_9""}","{""ImportId"":""QID17_10""}","{""ImportId"":""QID17_11""}","{""ImportId"":""QID17_14""}","{""ImportId"":""QID17_15""}","{""ImportId"":""QID17_16""}","{""ImportId"":""QID17_17""}","{""ImportId"":""QID17_18""}","{""ImportId"":""QID17_19""}","{""ImportId"":""QID17_20""}","{""ImportId"":""QID17_21""}","{""ImportId"":""QID17_22""}","{""ImportId"":""QID17_23""}","{""ImportId"":""QID17_36""}","{""ImportId"":""QID17_37""}","{""ImportId"":""QID17_24""}","{""ImportId"":""QID17_26""}","{""ImportId"":""QID17_27""}","{""ImportId"":""QID17_28""}","{""ImportId"":""QID17_29""}","{""ImportId"":""QID17_30""}","{""ImportId"":""QID17_31""}","{""ImportId"":""QID17_32""}","{""ImportId"":""QID17_33""}","{""ImportId"":""QID17_34""}","{""ImportId"":""QID17_35""}","{""ImportId"":""QID37_1""}","{""ImportId"":""QID37_2""}","{""ImportId"":""QID37_3""}","{""ImportId"":""QID37_4""}","{""ImportId"":""QID37_5""}","{""ImportId"":""QID37_7""}","{""ImportId"":""QID37_8""}","{""ImportId"":""QID37_9""}","{""ImportId"":""QID37_10""}","{""ImportId"":""QID37_11""}","{""ImportId"":""QID37_14""}","{""ImportId"":""QID37_15""}","{""ImportId"":""QID37_16""}","{""ImportId"":""QID37_17""}","{""ImportId"":""QID37_18""}","{""ImportId"":""QID37_19""}","{""ImportId"":""QID37_20""}","{""ImportId"":""QID37_21""}","{""ImportId"":""QID37_22""}","{""ImportId"":""QID37_23""}","{""ImportId"":""QID37_36""}","{""ImportId"":""QID37_38""}","{""ImportId"":""QID37_24""}","{""ImportId"":""QID37_26""}","{""ImportId"":""QID37_27""}","{""ImportId"":""QID37_28""}","{""ImportId"":""QID37_29""}","{""ImportId"":""QID37_30""}","{""ImportId"":""QID37_31""}","{""ImportId"":""QID37_32""}","{""ImportId"":""QID37_33""}","{""ImportId"":""QID37_34""}","{""ImportId"":""QID37_35""}","{""ImportId"":""QID49_1""}","{""ImportId"":""QID49_3""}","{""ImportId"":""QID49_2""}","{""ImportId"":""QID57_1""}","{""ImportId"":""QID57_2""}","{""ImportId"":""QID57_3""}","{""ImportId"":""QID50_1""}","{""ImportId"":""QID50_3""}","{""ImportId"":""QID50_2""}","{""ImportId"":""QID5_2""}","{""ImportId"":""QID5_1""}","{""ImportId"":""QID58_2""}","{""ImportId"":""QID58_1""}","{""ImportId"":""QID7""}","{""ImportId"":""QID4_1""}","{""ImportId"":""QID4_2""}","{""ImportId"":""QID4_3""}","{""ImportId"":""QID4_4""}","{""ImportId"":""QID4_5""}","{""ImportId"":""QID4_6""}","{""ImportId"":""QID3""}","{""ImportId"":""QID47_1""}","{""ImportId"":""QID47_2""}","{""ImportId"":""QID47_3""}","{""ImportId"":""QID48""}","{""ImportId"":""QID48_4_TEXT""}","{""ImportId"":""QID19""}","{""ImportId"":""QID18""}","{""ImportId"":""QID27""}","{""ImportId"":""QID16""}","{""ImportId"":""QID6""}","{""ImportId"":""QID51""}","{""ImportId"":""QID56_TEXT""}","{""ImportId"":""QID29_TEXT""}"
2020-04-20 06:20:27,2020-04-20 06:25:24,IP Address,107.137.156.112,100,296,True,2020-04-20 06:25:24,R_1IbYXaW3sOEuTCB,,,,,35.17120361328125,-80.7938995361328125,anonymous,EN,agb49,Freshman,,May of,2023,,,Other—please describe.,"Took IB economics in high school, but did not receive credit by Duke.","I am exploring potential interests.,I am exploring potential career paths.,I am interested in economics as a subject.",,,"Academic or Researcher,Wall Street-type occupation",4,"No, I do not expect to major in economics",,,,,,,,,,,,,,,,,,,,,,,,,,,,,,,,,,,,,,,,,,Pick one or two majors,,,,,,,,,,,,Pick one or two majors,,,,,,,,,,,,,Neutral,Yes,Yes,Yes,Yes,Yes,Yes,Yes,Yes,Above-average competitive,Above-average competitive,No chance,No chance,"Asset pricing,Marriage and divorce,Compliance by AIDS patients with their prescribed drug regimens,Protection of endangered species,Optimal rate at which to switch telephone service providers",10,10,6,8,9,8,Daily,3,2,1,"No, it is irrelevant.",,Both of my parents received a college or university degree.,True,No,"Asian (including Indian subcontinent and Philippines),White (including Middle Eastern)",Male,Yes,,
2020-04-20 06:22:37,2020-04-20 06:26:56,IP Address,66.67.41.99,100,259,True,2020-04-20 06:26:56,R_3hoteT85wIL54n7,,,,,44.87969970703125,-69.91190338134765625,anonymous,EN,jav29,Freshman,,May of,2023,,,This is my first formal economics course,,I am exploring potential career paths.,,,Wall Street-type occupation,50,I expect a single major in economics,,,,,,,,,,,,,,,,,,,,,,,,,,,,,,,,,,,,,,,,,,,,,,,,,,,,,,,,,,,,,,,,,,,No,No,Yes,No,No,Netural,Yes,Yes,Neutral,Extremely competitive,Extremely competitive,No chance,No chance,None of the above,6,4,0,0,8,8,Daily,4,1,1,"No, it is irrelevant.",,Both of my parents received a college or university degree.,False,No,White (including Middle Eastern),Female,Yes,,
2020-04-20 06:22:08,2020-04-20 06:27:20,IP Address,75.191.120.102,100,311,True,2020-04-20 06:27:20,R_Zsmobml9YO71QwV,,,,,36.104705810546875,-79.820098876953125,anonymous,EN,bs306,Freshman,,May of,2023,,,This is my first formal economics course,,"I am exploring potential interests.,I am exploring potential career paths.,I am interested in economics as a subject.,It will help me achieve my career goals.",,Scheduling issues,"Wall Street-type occupation,Policy Analyst,Consultant,Lawyer,Working for a government agency, non-profit, foundation, NGO, etc.",10,I expect a single major in economics,,,,,,,,,,,,,,,,,,,,,,,,,,,,,,,,,,,,,,,,,,,,,,,,,,,,,,,,,,,,,,,,,,,Yes,I'm not sure,Yes,Yes,Netural,Yes,Yes,Neutral,Yes,Average,Extremely competitive,I now feel like it is less competitive,No chance,"Asset pricing,Marriage and divorce,Compliance by AIDS patients with their prescribed drug regimens,Protection of endangered species,Optimal rate at which to switch telephone service providers",10,8,5,5,7,7,Daily,2,2,1,"No, it is irrelevant.",,Both of my parents received a college or university degree.,True,No,White (including Middle Eastern),Female,Yes,,
2020-04-20 06:36:07,2020-04-20 06:43:01,IP Address,174.225.5.184,100,413,True,2020-04-20 06:43:01,R_3g28thxUI0oQ8KI,,,,,40.7303924560546875,-74.27269744873046875,anonymous,EN,sjb99,Freshman,,May of,2023,,,This is my first formal economics course,,"I am exploring potential interests.,I am exploring potential career paths.,I am interested in economics as a subject.,It will help me achieve my career goals.",,,"Wall Street-type occupation,Policy Analyst,Lawyer,Working for a government agency, non-profit, foundation, NGO, etc.",30,"No, I do not expect to major in economics",,,,,,,,,,,,,,,,,,,,,,,,,,,,,,,,,,,,,,,,,,,,,,,,,,,,,,,,,Pick one or two majors,,Pick one or two majors,,,,,,,,Yes,Neutral,Yes,Yes,I'm not sure,I'm not sure,Yes,Yes,Yes,Above-average competitive,Above-average competitive,No chance,No chance,"Asset pricing,Marriage and divorce,Protection of endangered species,Optimal rate at which to switch telephone service providers",5,1,3,1,8,8,A few times a week,2,3,2,"No, it is irrelevant.",,Both of my parents received a college or university degree.,False,No,White (including Middle Eastern),Female,Yes,,
2020-04-20 07:24:34,2020-04-20 07:31:13,IP Address,173.72.19.208,100,399,True,2020-04-20 07:31:14,R_4P0X10fCyVkCGKR,,,,,40.1443023681640625,-74.7003021240234375,anonymous,EN,Zns3,Freshman,,May of,2023,,,This is my first formal economics course,,"I am exploring potential interests.,I am exploring potential career paths.,I am interested in economics as a subject.",,,"Wall Street-type occupation,Policy Analyst,Lawyer,Working for a government agency, non-profit, foundation, NGO, etc.",20,"No, I do not expect to major in economics",,,,,,,,,,,,,,,,,,,,,,,,,,,,,,,,,,,,,,,,,,,,,,,,,,,,,,,,,,,,,,,,,,,No,Neutral,Yes,No,No,Yes,Yes,Yes,Yes,Extremely competitive,Extremely competitive,I now feel like it is less competitive,No chance,"Asset pricing,Optimal rate at which to switch telephone service providers",10,3,4,8,10,8,Daily,3,2,4,"No, it is irrelevant.",,Neither of my parents received a college or university degree.,False,No,White (including Middle Eastern),Male,Yes,Not really,
2020-04-20 08:37:32,2020-04-20 08:40:39,IP Address,73.88.229.217,100,186,True,2020-04-20 08:40:39,R_2B9yLLcqlO8efpn,,,,,36.096405029296875,-86.821197509765625,anonymous,EN,at238,Sophomore,,May of,2022,,,This is my first formal economics course,,"I am exploring potential interests.,I am interested in economics as a subject.,It will help me achieve my career goals.",,Scheduling issues,"Academic or Researcher,Lawyer,Working for a government agency, non-profit, foundation, NGO, etc.",0,"No, I do not expect to major in economics",,,,,,,,,,,,,,,,,,,,,,,,,,,,,,,,,,,,,,,,,,,,,,,,,,,,,,,,,,,,,,,,,,,Yes,Neutral,Neutral,Netural,Netural,Netural,Yes,Neutral,Yes,Above-average competitive,Extremely competitive,No chance,No chance,"Asset pricing,Marriage and divorce,Optimal rate at which to switch telephone service providers",9,3,7,9,8,7,Daily,2,3,2,"No, it is irrelevant.",,Both of my parents received a college or university degree.,True,No,White (including Middle Eastern),Female,Yes,,
2020-04-20 08:40:03,2020-04-20 08:44:07,IP Address,73.179.220.255,100,244,True,2020-04-20 08:44:07,R_3dTh33IcHytRrD4,,,,,25.7259063720703125,-80.40360260009765625,anonymous,EN,Cnm33,Freshman,,May of,2023,,,This is my first formal economics course,,"I am exploring potential interests.,I am exploring potential career paths.,I am interested in economics as a subject.",,,"Academic or Researcher,K-12 teacher,Wall Street-type occupation",70,I expect a double major with economics being one of my majors,,,,,,Pick one or two majors,,,,,,,,,,,,,,,,,,,,,,,,,,,,,,,,,,,,,,,,,,,,,,,,,,,,,,,,,,,,,Neutral,I'm not sure,Yes,No,No,Yes,Neutral,No,Yes,Above-average competitive,Extremely competitive,No chance,I now feel like it is less competitive,"Asset pricing,Marriage and divorce,Compliance by AIDS patients with their prescribed drug regimens,Protection of endangered species,Optimal rate at which to switch telephone service providers",8,8,0,1,4,5,A few times a week,3,2,1,"No, it is irrelevant.",,Only my mother received a college or university degree.,False,Yes,Asian (including Indian subcontinent and Philippines),Female,Yes,,
2020-04-20 08:43:56,2020-04-20 08:48:06,IP Address,208.104.51.103,100,250,True,2020-04-20 08:48:07,R_1OZzZIijG7nDdoK,,,,,34.9781036376953125,-80.85410308837890625,anonymous,EN,rdl29,Freshman,,May of,2023,,,This is my first formal economics course,,"I am exploring potential interests.,I am exploring potential career paths.,I am interested in economics as a subject.,It will help me achieve my career goals.",,,"Wall Street-type occupation,Consultant,Lawyer",90,I expect a double major with economics being one of my majors,,,,,,,Pick one or two majors,,,,,,,,,,,,,,,,,,,,,,,,,,,,,,,,,,,,,,,,,,,,,,,,,,,,,,,,,,,,Yes,Yes,Yes,Netural,Netural,Netural,Yes,Yes,Yes,Above-average competitive,Above-average competitive,No chance,No chance,"Asset pricing,Marriage and divorce,Optimal rate at which to switch telephone service providers",8,5,1,1,5,5,Daily,5,2,1,"No, it is irrelevant.",,Both of my parents received a college or university degree.,True,No,White (including Middle Eastern),Male,Yes,,
2020-04-20 08:44:19,2020-04-20 08:49:57,IP Address,24.168.201.214,100,338,True,2020-04-20 08:49:58,R_2DYPv2Ns2rZr6yK,,,,,34.073699951171875,-81.18630218505859375,anonymous,EN,deh36,Freshman,,May of,2023,,,This is my first formal economics course,,I am exploring potential interests.,,,Medical profession,10,"No, I do not expect to major in economics",,,,,,,,,,,,,,,,,,,,,,,,,,,,,,,,,,,,,Pick one or two majors,,,,,,,,,,,,,,,,,,,,,,,,,,,,,,Yes,I'm not sure,I'm not sure,Netural,No,Yes,Yes,Yes,Yes,Above-average competitive,Above-average competitive,I now feel like it is less competitive,No chance,"Asset pricing,Optimal rate at which to switch telephone service providers",8,7,3,5,9,9,A few times a month,4,1,2,"No, it is irrelevant.",,Both of my parents received a college or university degree.,True,No,White (including Middle Eastern),Male,Yes,,
2020-04-20 08:49:53,2020-04-20 08:53:37,IP Address,72.84.121.176,100,224,True,2020-04-20 08:53:38,R_11hAjWoAKONRfXO,,,,,36.8282012939453125,-76.0236968994140625,anonymous,EN,aft13,Freshman,,May of,2023,,,This is my first formal economics course,,"I am exploring potential interests.,I am exploring potential career paths.,I am interested in economics as a subject.,It will help me achieve my career goals.,My parents or relatives pressured me.",,,None of the above,75,I expect a single major in economics,,,,,,,,,,,,,,,,,,,,,,,,,,,,Pick one or two majors,,Pick one or two majors,,,,,,,,,,,,,,,,,,,,,,,,,,,,,,,,,,,,,No,Neutral,I'm not sure,Netural,Netural,I'm not sure,Yes,I'm not sure,I'm not sure,Above-average competitive,Extremely competitive,No chance,No chance,"Asset pricing,Marriage and divorce,Optimal rate at which to switch telephone service providers",8,6,4,4,8,8,A few times a month,4,2,1,"No, it is irrelevant.",,Both of my parents received a college or university degree.,True,No,"Asian (including Indian subcontinent and Philippines),White (including Middle Eastern)",Male,Yes,,
2020-04-20 09:10:51,2020-04-20 09:14:23,IP Address,174.226.8.235,100,212,True,2020-04-20 09:14:24,R_2ZDes2zA1x44CNd,,,,,37.563507080078125,-77.48380279541015625,anonymous,EN,Nkm20,Freshman,,May of,2023,,,This is my first formal economics course,,"I am exploring potential interests.,I am exploring potential career paths.",,,Consultant,1,"No, I do not expect to major in economics",,,,,,,,,,,,,,,,,,,,,,,,,,,,,,,,,,,,,,,,,,,,,,,,,,,,,,,,,,,,,,,,,,,Yes,I'm not sure,Yes,Yes,Yes,Yes,Yes,Neutral,Yes,Extremely competitive,Extremely competitive,I now feel like it is less competitive,No chance,Asset pricing,9,1,8,10,10,8,A few times a week,3,2,0,"No, it is irrelevant.",,Both of my parents received a college or university degree.,False,No,White (including Middle Eastern),Female,Yes,,
2020-04-20 09:20:58,2020-04-20 09:30:33,IP Address,69.113.179.52,100,574,True,2020-04-20 09:30:33,R_2CCUK79Ov7J2pts,,,,,40.8155975341796875,-73.509002685546875,anonymous,EN,map122,Freshman,,May of,2023,,,This is my first formal economics course,,"I am exploring potential interests.,I am exploring potential career paths.",,,Wall Street-type occupation,10,"No, I do not expect to major in economics",,,,,,,,,,,,,,,,,,,,,,,,,,,,,,,,,,,,,,,,,,,,,,,,,,,,,,,,,,,,,,,,,,,I'm not sure,Neutral,Neutral,Netural,Netural,Netural,Neutral,Neutral,Neutral,Average,Above-average competitive,No chance,No chance,"Asset pricing,Marriage and divorce,Compliance by AIDS patients with their prescribed drug regimens",5,5,1,1,7,5,A few times a week,0,2,2,"No, it is irrelevant.",,Both of my parents received a college or university degree.,False,No,White (including Middle Eastern),Female,Yes,Yes because I watch the news more now,
2020-04-20 09:08:19,2020-04-20 09:31:06,IP Address,73.184.112.86,100,1366,True,2020-04-20 09:31:06,R_3ETlBaXR0jdrHaM,,,,,33.523101806640625,-84.35790252685546875,anonymous,EN,bdg21,Sophomore,,May of,2022,,,This is my first formal economics course,,I am interested in economics as a subject.,,,"Wall Street-type occupation,Working for a government agency, non-profit, foundation, NGO, etc.",100,I expect a double major with economics being one of my majors,,,,,,,,,,,,,,,,,,,,,Pick one or two majors,,,,,,,,,Pick one or two majors,,,,,,,,,,,,,,,,,,,,,,,,,,,,,,,,,,,,,Yes,I'm not sure,Yes,No,No,No,Yes,I'm not sure,I'm not sure,Average,Above-average competitive,I now feel like it is less competitive,I now feel like it is less competitive,"Asset pricing,Marriage and divorce,Compliance by AIDS patients with their prescribed drug regimens,Protection of endangered species,Optimal rate at which to switch telephone service providers",7,8,1,5,6,6,Daily,1,2,3,"Yes, it increases my probability.",,Neither of my parents received a college or university degree.,True,No,Black or African America (including Africa and Caribbean),Female,Yes,,
2020-04-20 09:47:44,2020-04-20 09:53:06,IP Address,174.107.67.12,100,322,True,2020-04-20 09:53:06,R_33kFOR0622zFuWn,,,,,33.96319580078125,-80.9340972900390625,anonymous,EN,fw70,Freshman,,May of,2023,,,High school AP economics course(s).,,"I am exploring potential interests.,I am exploring potential career paths.,I am interested in economics as a subject.",,The caliber of the professor,"Consultant,Working for a government agency, non-profit, foundation, NGO, etc.,Medical profession",90,I expect a double major with economics being one of my majors,,,,,,,,,,,,,,,,,,,,,,,Pick one or two majors,,,,,,,Pick one or two majors,,,,,,,,,,,,,,,,,,,,,,,,,,,,,,,,,,,,,Neutral,I'm not sure,Yes,Netural,I'm not sure,Yes,Yes,Yes,Yes,Above-average competitive,Extremely competitive,No chance,No chance,"Asset pricing,Optimal rate at which to switch telephone service providers",6,7,3,9,9,8,A few times a week,3,3,1,"No, it is irrelevant.",,Both of my parents received a college or university degree.,True,No,Asian (including Indian subcontinent and Philippines),Female,Yes,"I feel like the COVID-19 situation has made me more interested in economics as a subject because of how the pandemic is currently affecting our global economy--I want to be able to understand these current changes. ",
2020-04-20 10:14:35,2020-04-20 10:18:31,IP Address,100.33.55.170,100,236,True,2020-04-20 10:18:31,R_bedyKtYP729cNLr,,,,,40.90460205078125,-73.81169891357421875,anonymous,EN,rar58,Junior,,May of,2021,,,This is my first formal economics course,,Other—please describe.,It is required by my major,Scheduling issues,"Policy Analyst,Lawyer,Working for a government agency, non-profit, foundation, NGO, etc.",0,"No, I do not expect to major in economics",,,,,,,,,,,,,,,,,,,,,,,,,,,,,,,,,,,,,,,,,,,,,,Pick one or two majors,,,,,,,,,,,,,,,,,,,,,,,,Yes,No,Yes,Yes,Yes,Yes,Above-average competitive,Extremely competitive,No chance,No chance,Asset pricing,4,4,3,4,8,8,A few times a week,1,3,1,"No, it is irrelevant.",,Both of my parents received a college or university degree.,True,No,White (including Middle Eastern),Female,Yes,,
2020-04-20 10:20:03,2020-04-20 10:24:19,IP Address,96.33.240.164,100,255,True,2020-04-20 10:24:19,R_2b3nU1Ph6g6GL68,,,,,35.8455963134765625,-83.5391998291015625,anonymous,EN,msp54,Freshman,,May of,2023,,,This is my first formal economics course,,"I am exploring potential interests.,I am exploring potential career paths.",,,"Academic or Researcher,Medical profession",4,"No, I do not expect to major in economics",,,,,,,,,,,,,,,,,,,,,,,,,,,,,,,,,,,,,,,Pick one or two majors,,,Pick one or two majors,,,,,,,,,,,,,,,,,,,,,,,,,Yes,No,Neutral,Yes,Yes,Yes,I'm not sure,I'm not sure,I'm not sure,Average,Extremely competitive,I now feel like it is less competitive,No chance,"Asset pricing,Marriage and divorce,Protection of endangered species,Optimal rate at which to switch telephone service providers",10,8,0,2,4,5,Daily,2,2,1,"No, it is irrelevant.",,"I don't know, N/A.",True,No,Asian (including Indian subcontinent and Philippines),Male,Yes,Not really,
2020-04-20 10:49:55,2020-04-20 10:56:16,IP Address,76.108.134.145,100,381,True,2020-04-20 10:56:16,R_2B9RO6ac7r2b8c7,,,,,26.0670928955078125,-80.27680206298828125,anonymous,EN,Gbg8,Freshman,,May of,2023,,,High school AP economics course(s).,,I am interested in economics as a subject.,,The caliber of the professor,"Wall Street-type occupation,Consultant",100,I expect a single major in economics,,,,,,,,,Pick one or two majors,,,,,,,,,,,,,,,,,,Pick one or two majors,,,,,,,,,,,,,,,,,,,,,,,,,,,,,,,,,,,,,,,,Yes,Yes,Yes,Netural,Yes,Yes,Yes,Neutral,Yes,Above-average competitive,Above-average competitive,I now feel like it is less competitive,I now feel like it is less competitive,"Asset pricing,Optimal rate at which to switch telephone service providers",9,6,3,9,10,7,Daily,2,2,2,"Yes, it increases my probability.",,Both of my parents received a college or university degree.,False,No,White (including Middle Eastern),Male,Yes,,
2020-04-20 11:05:38,2020-04-20 11:12:12,IP Address,73.85.122.0,100,393,True,2020-04-20 11:12:12,R_10rDfHU53OLMFOM,,,,,26.016204833984375,-80.19550323486328125,anonymous,EN,kml95,Freshman,,May of,2023,,,Other—please describe.,I only took macro economics in highscool,I am interested in economics as a subject.,,The caliber of the professor,"Wall Street-type occupation,Policy Analyst,Consultant",40,I expect a double major with economics being one of my majors,,,,,,,,,,,,,,,,,,,,,,,,,,,Pick one or two majors,Pick one or two majors,,,,,,,,,,,,,,,,,,,,,,,,,,,,,,,,,,,,,,,No,Neutral,Neutral,No,No,Netural,Yes,Yes,Yes,Above-average competitive,Extremely competitive,I now feel like it is less competitive,No chance,"Asset pricing,Marriage and divorce,Compliance by AIDS patients with their prescribed drug regimens,Protection of endangered species,Optimal rate at which to switch telephone service providers",10,6,2,3,10,6,Daily,4,2,3,"No, it is irrelevant.",,Neither of my parents received a college or university degree.,False,No,"Black or African America (including Africa and Caribbean),White (including Middle Eastern)",Female,Yes,,
2020-04-20 11:19:01,2020-04-20 11:22:36,IP Address,174.228.11.93,100,214,True,2020-04-20 11:22:36,R_3KGyrNVjkdya8Sh,,,,,27.9589996337890625,-82.49379730224609375,anonymous,EN,ark61,Freshman,,May of,2023,,,This is my first formal economics course,,"I am exploring potential interests.,I am exploring potential career paths.,I am interested in economics as a subject.,It will help me achieve my career goals.",,,"Wall Street-type occupation,Policy Analyst,Consultant,Lawyer,Working for a government agency, non-profit, foundation, NGO, etc.",100,I expect a double major with economics being one of my majors,,,,,,,,,,,,,,,,,,,,,,,,,,,,Pick one or two majors,,Pick one or two majors,,,,,,,,,,,,,,,,,,,,,,,,,,,,,,,,,,,,,Yes,Yes,Yes,Netural,Netural,Netural,Yes,Yes,Yes,Extremely competitive,Extremely competitive,No chance,No chance,"Asset pricing,Marriage and divorce,Compliance by AIDS patients with their prescribed drug regimens,Protection of endangered species,Optimal rate at which to switch telephone service providers",10,10,1,1,10,10,Daily,3,2,1,"No, it is irrelevant.",,Both of my parents received a college or university degree.,True,No,White (including Middle Eastern),Male,Yes,No.,
2020-04-20 11:24:13,2020-04-20 11:30:43,IP Address,69.115.152.240,100,389,True,2020-04-20 11:30:44,R_2472S0GiAfduut3,,,,,41.1519012451171875,-73.50710296630859375,anonymous,EN,mb614,Sophomore,,December of,,,2022,This is my first formal economics course,,I am interested in economics as a subject.,,,Medical profession,0,"No, I do not expect to major in economics",,,,,,,,,,,,,,,,,,,,,,,,,,,,,,,,,,,,,,,,,,,,,,,Pick one or two majors,,,,,,,,,,,,,,,,,,,,Yes,Neutral,Yes,Netural,No,Netural,Yes,Yes,Yes,Extremely competitive,Extremely competitive,No chance,No chance,"Asset pricing,Optimal rate at which to switch telephone service providers",4,5,2,0,8,10,A few times a week,3,3,3,"No, it is irrelevant.",,Both of my parents received a college or university degree.,True,No,White (including Middle Eastern),Female,No," "," "
2020-04-20 11:29:29,2020-04-20 11:32:57,IP Address,172.251.56.113,100,208,True,2020-04-20 11:32:58,R_3F41bTikzwwS8Rg,,,,,34.2666015625,-118.7642974853515625,anonymous,EN,jp448,Freshman,,May of,2023,,,This is my first formal economics course,,"I am exploring potential interests.,I am exploring potential career paths.,I am interested in economics as a subject.,It will help me achieve my career goals.",,The caliber of the professor,"Wall Street-type occupation,Consultant",100,I expect a single major in economics,,,,,,,,,,,,,,,,,,,,,,,,,,Pick one or two majors,,Pick one or two majors,,,,,,,,,,,,,,,,,,,,,,,,,,,,,,,,,,,,,,,Yes,Yes,Yes,Yes,Yes,Yes,Yes,Yes,Yes,Extremely competitive,Extremely competitive,No chance,No chance,"Asset pricing,Marriage and divorce,Compliance by AIDS patients with their prescribed drug regimens,Protection of endangered species,Optimal rate at which to switch telephone service providers",10,4,6,7,8,9,Daily,3,1,0,"No, it is irrelevant.",,Both of my parents received a college or university degree.,True,,"American Indian or Alaska Native (including all Original Peoples of the Americas),White (including Middle Eastern)",Male,Yes,,
2020-04-20 11:41:35,2020-04-20 11:47:22,IP Address,108.6.28.140,100,347,True,2020-04-20 11:47:23,R_3HjOb8MFzCnKXwQ,,,,,40.5832061767578125,-73.65940093994140625,anonymous,EN,jap124,Freshman,,May of,2023,,,This is my first formal economics course,,"I am exploring potential career paths.,I am interested in economics as a subject.",,,Medical profession,5,"No, I do not expect to major in economics",,,,,,,,,,,,,,,,,,,,,,,,,,,,,,,,,,,,,,,,,,,,,,,,,,,,Pick one or two majors,,,,Pick one or two majors,,,,,,,,,,,Yes,Neutral,Yes,Yes,Netural,Yes,Yes,Neutral,Neutral,Above-average competitive,Above-average competitive,I now feel like it is less competitive,I now feel like it is less competitive,"Asset pricing,Optimal rate at which to switch telephone service providers",3,2,7,2,2,7,A few times a month,4,3,2,"No, it is irrelevant.",,Both of my parents received a college or university degree.,True,No,White (including Middle Eastern),Male,Yes,,
2020-04-20 11:41:41,2020-04-20 11:47:29,IP Address,173.24.174.120,100,348,True,2020-04-20 11:47:30,R_vGjZhfWWU6OWPgR,,,,,42.51220703125,-90.7384033203125,anonymous,EN,jmr138,Freshman,,May of,2023,,,This is my first formal economics course,,"I am exploring potential interests.,I am interested in economics as a subject.",,,"Policy Analyst,Working for a government agency, non-profit, foundation, NGO, etc.",0,"No, I do not expect to major in economics",,,,,,,,,,,,,,,,,,,,,,,,,,,,,,,,,,,,,,,,,,,,,,,,,,,,,,,,,,,,,Pick one or two majors,,,,,Pick one or two majors,Yes,I'm not sure,I'm not sure,Yes,Yes,I'm not sure,Yes,I'm not sure,I'm not sure,Extremely competitive,Extremely competitive,No chance,No chance,"Asset pricing,Marriage and divorce,Compliance by AIDS patients with their prescribed drug regimens,Protection of endangered species,Optimal rate at which to switch telephone service providers",8,0,8,10,10,8,Daily,1,1,1,"No, it is irrelevant.",,Both of my parents received a college or university degree.,False,No,White (including Middle Eastern),Male,Yes,"I wanted to have lunch with my professor because we do not get the chance to truly interact with her in a large lecture setting. I was unable to do due to the semester being cut short, and thus, I was unsure of her personal attitudes towards myself.",
2020-04-20 11:41:15,2020-04-20 11:47:49,IP Address,47.210.123.24,100,393,True,2020-04-20 11:47:49,R_2ANCpXqL1wc824F,,,,,32.54339599609375,-93.70110321044921875,anonymous,EN,lmj33,Freshman,,May of,2023,,,This is my first formal economics course,,Other—please describe.,for a major requirement,,None of the above,0,"No, I do not expect to major in economics",,,,,,,,,,,,,,,,,,,,,,,,,,,,,,,,,,,,,,,,,,,,,,Pick one or two majors,,,,,,,,,,,,,,,,,,,,Pick one or two majors,Yes,No,I'm not sure,Netural,No,I'm not sure,Yes,I'm not sure,I'm not sure,Above-average competitive,Average,No chance,No chance,"Asset pricing,Marriage and divorce,Compliance by AIDS patients with their prescribed drug regimens,Protection of endangered species,Optimal rate at which to switch telephone service providers",8,2,10,10,10,8,A few times a week,3,2,1,"Yes, it decreases my probability.",,Both of my parents received a college or university degree.,False,No,White (including Middle Eastern),Male,Yes,I feel far less interested in the subject due to the online format,"please, no more online classes"
2020-04-20 11:56:45,2020-04-20 11:59:53,IP Address,173.68.65.253,100,188,True,2020-04-20 11:59:54,R_2eX3QzwK2h0iDFv,,,,,40.8000030517578125,-73.9763031005859375,anonymous,EN,lg223,Freshman,,May of,2023,,,This is my first formal economics course,,Other—please describe.,Required for some other majors,,"Lawyer,Working for a government agency, non-profit, foundation, NGO, etc.",0,"No, I do not expect to major in economics",,,,,,,,,,,,,,,,,,,,,,,,,,,,,,,,,,,,,,,,,,,,,,,,,,,,,,,,,,,Pick one or two majors,,,,,,,,Neutral,No,Yes,Netural,No,Yes,Yes,Yes,Yes,Above-average competitive,Extremely competitive,I now feel like it is less competitive,I now feel like it is less competitive,"Asset pricing,Marriage and divorce,Compliance by AIDS patients with their prescribed drug regimens,Protection of endangered species,Optimal rate at which to switch telephone service providers",8,0,8,4,10,10,Daily,2,3,3,"No, it is irrelevant.",,Both of my parents received a college or university degree.,True,No,White (including Middle Eastern),Female,Yes,,
2020-04-20 12:16:54,2020-04-20 12:21:15,IP Address,174.192.149.49,100,260,True,2020-04-20 12:21:15,R_1opO8QG0j2a4qkV,,,,,42.965606689453125,-88.045501708984375,anonymous,EN,Rmc65,Freshman,,May of,2023,,,This is my first formal economics course,,"I am exploring potential interests.,I am exploring potential career paths.,I am interested in economics as a subject.",,,None of the above,80,I expect a single major in economics,,,,,,,,,,,,,,,,,,,,,,,,,,,,,,,,,,,,,,,,,,,,,,,,,,,,,,,,,,,,,,,,,,,Yes,Yes,Yes,Yes,Yes,Yes,Yes,Yes,Yes,Above-average competitive,Above-average competitive,No chance,No chance,"Asset pricing,Optimal rate at which to switch telephone service providers",6,8,4,4,8,6,A few times a week,3,2,2,"No, it is irrelevant.",,Both of my parents received a college or university degree.,True,No,"American Indian or Alaska Native (including all Original Peoples of the Americas),White (including Middle Eastern)",Male,Yes,No,
2020-04-20 12:57:20,2020-04-20 13:01:35,IP Address,69.243.0.193,100,254,True,2020-04-20 13:01:35,R_32JWyKC6hTXZWFo,,,,,38.8155059814453125,-77.1204986572265625,anonymous,EN,jmg137,Freshman,,May of,2023,,,This is my first formal economics course,,"I am exploring potential interests.,I am exploring potential career paths.,I am interested in economics as a subject.",,,"Lawyer,Working for a government agency, non-profit, foundation, NGO, etc.",91,I expect a double major with economics being one of my majors,,,,,,,,,,,,,,,,,,,Pick one or two majors,,,,,,,Pick one or two majors,,,,,,,,,,,,,,,,,,,,,,,,,,,,,,,,,,,,,,,,,Yes,Yes,Yes,Netural,Yes,Yes,Yes,Yes,Yes,Above-average competitive,Above-average competitive,No chance,No chance,"Asset pricing,Marriage and divorce,Compliance by AIDS patients with their prescribed drug regimens,Protection of endangered species,Optimal rate at which to switch telephone service providers",9,4,3,3,6,9,Daily,2,2,1,"No, it is irrelevant.",,Both of my parents received a college or university degree.,False,No,White (including Middle Eastern),Male,Yes,No,
2020-04-20 13:43:14,2020-04-20 13:46:49,IP Address,108.28.166.202,100,215,True,2020-04-20 13:46:49,R_AbzfwWyCmhIUXxD,,,,,38.8596954345703125,-77.197998046875,anonymous,EN,cec84,Sophomore,,May of,2022,,,This is my first formal economics course,,"I am exploring potential interests.,I am exploring potential career paths.,I am interested in economics as a subject.,It will help me achieve my career goals.",,,"Wall Street-type occupation,Consultant",0,"No, I do not expect to major in economics",,,,,,,,,,,,,,,,,,,,,,,,,,,,,,,,,,,,,,,,,,,,,,,,,,,,,,,,,,,,,,,,,,,Yes,Neutral,Yes,Yes,Yes,Yes,Yes,Yes,Yes,Above-average competitive,Extremely competitive,No chance,No chance,"Asset pricing,Marriage and divorce,Optimal rate at which to switch telephone service providers",2,2,3,2,8,7,Daily,1,4,1,"No, it is irrelevant.",,Both of my parents received a college or university degree.,False,Yes,White (including Middle Eastern),Female,Yes,,
2020-04-20 14:06:07,2020-04-20 14:10:09,IP Address,98.242.186.33,100,242,True,2020-04-20 14:10:10,R_2rT08D243PNV8F5,,,,,25.76409912109375,-80.27020263671875,anonymous,EN,"msr55 ",Freshman,,May of,2023,,,This is my first formal economics course,,"I am exploring potential interests.,I am exploring potential career paths.,I am interested in economics as a subject.,It will help me achieve my career goals.",,The caliber of the professor,"Wall Street-type occupation,Consultant",78,I expect a single major in economics,,,,,,,,,,,,,,,,,,,,,,,,,,,,,,,,,,,,,,,,,,,,,,,,,,,,,,,,,,,,,,,,,,,Yes,Yes,Yes,Yes,Yes,Yes,Yes,Yes,Yes,Extremely competitive,Extremely competitive,No chance,No chance,"Asset pricing,Optimal rate at which to switch telephone service providers",8,7,5,6,10,10,Daily,2,2,2,"No, it is irrelevant.",,Both of my parents received a college or university degree.,True,Yes,White (including Middle Eastern),Male,Yes,,
2020-04-20 15:26:37,2020-04-20 15:31:36,IP Address,70.52.99.160,100,298,True,2020-04-20 15:31:36,R_2TAZmhLHi3UG00R,,,,,45.533203125,-73.609100341796875,anonymous,EN,hp129,Freshman,,May of,2023,,,This is my first formal economics course,,"I am exploring potential interests.,I am interested in economics as a subject.",,Scheduling issues,Wall Street-type occupation,30,I expect a double major with economics being one of my majors,,,,,,,,,Pick one or two majors,,,,,,,,,,,,,Pick one or two majors,,,,,,,,,,,,,,,,,,,,,,,,,,,,,,,,,,,,,,,,,,,,,Yes,Neutral,Yes,Yes,Netural,Yes,Yes,Neutral,Neutral,Above-average competitive,Average,No chance,No chance,"Asset pricing,Compliance by AIDS patients with their prescribed drug regimens,Optimal rate at which to switch telephone service providers",4,7,6,3,5,5,Daily,2,2,2,"No, it is irrelevant.",,Both of my parents received a college or university degree.,False,No,White (including Middle Eastern),Male,No,,
2020-04-20 16:09:20,2020-04-20 16:12:45,IP Address,72.226.81.219,100,205,True,2020-04-20 16:12:45,R_4VGp8Z275Hm9WFz,,,,,40.757904052734375,-73.933197021484375,anonymous,EN,jbf33,Freshman,,May of,2023,,,This is my first formal economics course,,"I am exploring potential interests.,I am exploring potential career paths.",,,"Wall Street-type occupation,Consultant,Lawyer,Working for a government agency, non-profit, foundation, NGO, etc.",80,I expect a single major in economics,,,,,,,,,,,,,,,,,,,,,,,,,,,,,,,,,Pick one or two majors,,,,,,,,,,,,,,,,,,,,,,,,,,,,,,,,,,Yes,I'm not sure,Yes,Yes,I'm not sure,Yes,Yes,Yes,Yes,Above-average competitive,Extremely competitive,No chance,No chance,"Asset pricing,Marriage and divorce",7,6,4,10,10,10,A few times a week,2,2,2,"No, it is irrelevant.",,Both of my parents received a college or university degree.,False,No,"Asian (including Indian subcontinent and Philippines),White (including Middle Eastern)",Female,Yes,,
2020-04-20 22:36:05,2020-04-20 22:39:38,IP Address,69.125.209.244,100,213,True,2020-04-20 22:39:38,R_AL4OcrJ6IqaN9ip,,,,,40.9208984375,-72.34909820556640625,anonymous,EN,ccm61,Freshman,,May of,2023,,,This is my first formal economics course,,"I am exploring potential interests.,I am exploring potential career paths.,It will help me achieve my career goals.",,The caliber of the professor,"Wall Street-type occupation,Lawyer",17,"No, I do not expect to major in economics",,,,,,,,,,,,,,,,,,,,,,,,,,,,,,,,,,,,,,,,,,,,,,,,,,,,,,,,,,,,,,,,,,,No,No,No,No,No,No,Neutral,No,Neutral,Above-average competitive,Above-average competitive,No chance,No chance,Asset pricing,6,1,4,10,10,2,A few times a week,3,1,2,"No, it is irrelevant.",,Both of my parents received a college or university degree.,False,No,White (including Middle Eastern),Female,Yes,no,
2020-04-21 09:31:43,2020-04-21 09:36:48,IP Address,174.48.190.69,100,304,True,2020-04-21 09:36:48,R_2xFq8jyAmCgPfkk,,,,,26.8238067626953125,-80.1407012939453125,anonymous,EN,cjp55,Freshman,,May of,2023,,,This is my first formal economics course,,"I am exploring potential interests.,I am exploring potential career paths.,I am interested in economics as a subject.",,The caliber of the professor,"Policy Analyst,Consultant,Lawyer",10,"No, I do not expect to major in economics",,,,,,,,,,,,,,,,,,,,,,,,,,,,,,,,,,,,,,,,,,,,,,,,,,,,Pick one or two majors,,,,,,,,,Pick one or two majors,,,,,,Yes,Yes,Yes,I'm not sure,I'm not sure,I'm not sure,I'm not sure,I'm not sure,I'm not sure,Above-average competitive,Extremely competitive,No chance,No chance,"Asset pricing,Marriage and divorce,Compliance by AIDS patients with their prescribed drug regimens,Protection of endangered species,Optimal rate at which to switch telephone service providers",7,1,7,6,7,8,A few times a week,4,1,0,"No, it is irrelevant.",,Both of my parents received a college or university degree.,True,No,American Indian or Alaska Native (including all Original Peoples of the Americas),Male,Yes,,
2020-04-21 14:46:47,2020-04-21 14:53:19,IP Address,70.250.116.60,100,392,True,2020-04-21 14:53:19,R_2tu7X7ApKqO7icB,,,,,35.91510009765625,-79.097198486328125,anonymous,EN,dlh69,Freshman,,May of,2023,,,This is my first formal economics course,,"I am exploring potential interests.,I am exploring potential career paths.,I am interested in economics as a subject.,It will help me achieve my career goals.",,The caliber of the professor,"Consultant,Working for a government agency, non-profit, foundation, NGO, etc.,Medical profession",25,"No, I do not expect to major in economics",,,,,,,,,,,,,,,,,,,,,,,,,,,,,,,,,,,,,,,,,,,,,,,,,,,,,,,,Pick one or two majors,,,,,,,,,,,Neutral,Neutral,Neutral,Netural,Yes,Netural,Yes,Yes,Yes,Above-average competitive,Above-average competitive,No chance,No chance,"Asset pricing,Marriage and divorce,Compliance by AIDS patients with their prescribed drug regimens,Protection of endangered species,Optimal rate at which to switch telephone service providers",8,6,5,5,5,5,A few times a week,3,4,2,"No, it is irrelevant.",,Both of my parents received a college or university degree.,True,No,Asian (including Indian subcontinent and Philippines),Female,Yes,n/a,
2020-04-21 18:08:37,2020-04-21 18:11:50,IP Address,73.39.72.33,100,192,True,2020-04-21 18:11:50,R_3mh0tNnnZfBz8yu,,,,,39.3153076171875,-77.76940155029296875,anonymous,EN,zmk5,Freshman,,May of,2023,,,This is my first formal economics course,,I am exploring potential interests.,,,None of the above,1,"No, I do not expect to major in economics",,,,,,,,,,,,,,,,,,,,,,,,,,,,,,,,,,,,,,,,,,Pick one or two majors,,,,,,,,,,,,,,,,,,,,,,,,,Yes,Yes,I'm not sure,Netural,Netural,Netural,Yes,Neutral,Neutral,Average,Above-average competitive,No chance,No chance,"Asset pricing,Marriage and divorce,Compliance by AIDS patients with their prescribed drug regimens,Protection of endangered species,Optimal rate at which to switch telephone service providers",8,4,3,3,5,5,Daily,3,2,1,"No, it is irrelevant.",,Both of my parents received a college or university degree.,False,No,White (including Middle Eastern),Male,Yes,No,
2020-04-21 18:42:01,2020-04-21 18:45:09,IP Address,47.36.229.55,100,187,True,2020-04-21 18:45:10,R_1DZndb07408zTwL,,,,,32.54840087890625,-85.46820068359375,anonymous,EN,lhd7,Freshman,,May of,2023,,,This is my first formal economics course,,"I am exploring potential interests.,I am exploring potential career paths.,I am interested in economics as a subject.",,,"Wall Street-type occupation,Consultant",50,I expect a double major with economics being one of my majors,,,,,,,,,Pick one or two majors,,Pick one or two majors,,,,,,,,,,,,,,,,,,,,,,,,,,,,,,,,,,,,,,,,,,,,,,,,,,,,,,,,Yes,Neutral,Yes,Netural,No,Yes,Neutral,Neutral,Neutral,Extremely competitive,Extremely competitive,No chance,No chance,"Asset pricing,Optimal rate at which to switch telephone service providers",7,5,6,0,5,5,A few times a week,3,3,1,"No, it is irrelevant.",,Both of my parents received a college or university degree.,False,No,White (including Middle Eastern),Male,Yes,,
2020-04-21 19:06:34,2020-04-21 19:09:30,IP Address,45.18.32.105,100,176,True,2020-04-21 19:09:31,R_3rPpome7V3cnnXx,,,,,35.8047027587890625,-78.88809967041015625,anonymous,EN,ask60,Sophomore,,May of,2022,,,This is my first formal economics course,,I am exploring potential interests.,,,None of the above,0,"No, I do not expect to major in economics",,,,,,,,,,,,,,,,,,,,,,,,,,,,,,,,,,,,,,,,,,Pick one or two majors,,Pick one or two majors,,,,,,,,,,,,,,,,,,,,,,,Yes,Yes,I'm not sure,No,No,Netural,Yes,Yes,I'm not sure,Above-average competitive,Above-average competitive,I now feel like it is less competitive,I now feel like it is less competitive,"Asset pricing,Marriage and divorce,Optimal rate at which to switch telephone service providers",8,8,0,1,2,4,Daily,2,2,0,"No, it is irrelevant.",,Both of my parents received a college or university degree.,True,No,Asian (including Indian subcontinent and Philippines),Male,Yes,,
2020-04-22 00:12:58,2020-04-22 00:17:09,IP Address,75.50.82.69,100,250,True,2020-04-22 00:17:09,R_1r2I7I4tsC8SW61,,,,,37.373992919921875,-121.8594970703125,anonymous,EN,hx60,Freshman,,May of,2023,,,This is my first formal economics course,,"I am exploring potential interests.,I am exploring potential career paths.,I am interested in economics as a subject.,My parents or relatives pressured me.",,"The caliber of the professor,Scheduling issues","Wall Street-type occupation,Consultant",10,"No, I do not expect to major in economics",,,,,,,,,,,,,,,,,,,,,,,,,,,,,,,,,,,,,,,,,,Pick one or two majors,,,,,,,,,,,,,,,,,,,,,,,,,Yes,Yes,Yes,No,No,No,Yes,Neutral,Neutral,Above-average competitive,Average,I now feel like it is less competitive,I now feel like it is less competitive,"Asset pricing,Marriage and divorce",7,8,1,2,6,3,A few times a month,2,1,1,"No, it is irrelevant.",,Both of my parents received a college or university degree.,False,No,Asian (including Indian subcontinent and Philippines),Female,Yes,,
2020-04-22 03:53:39,2020-04-22 03:57:35,IP Address,87.68.143.36,100,235,True,2020-04-22 03:57:35,R_W6w1zELyh8III8N,,,,,32.066497802734375,34.76519775390625,anonymous,EN,imb12,Junior,,May of,2021,,,Transfer or study abroad credit,,"I am exploring potential interests.,I am exploring potential career paths.,I am interested in economics as a subject.,It will help me achieve my career goals.",,,Wall Street-type occupation,0,"No, I do not expect to major in economics",,,,,,,,,,,,,,,,,,,,,,,,,,,,,,,,,,,,,,,,,,Pick one or two majors,,Pick one or two majors,,,,,,,,,,,,,,,,,,,,,,,Yes,Yes,Yes,Yes,Yes,Yes,Yes,Yes,Yes,Above-average competitive,Extremely competitive,No chance,No chance,"Asset pricing,Optimal rate at which to switch telephone service providers",10,10,0,0,0,7,Daily,3,2,0,"Yes, it increases my probability.",,Both of my parents received a college or university degree.,True,No,White (including Middle Eastern),Male,Yes,,
2020-04-22 13:51:25,2020-04-22 13:56:54,IP Address,67.164.64.129,100,328,True,2020-04-22 13:56:55,R_2aluZg6suUo8LdW,,,,,37.5659027099609375,-122.3661041259765625,anonymous,EN,med104,Freshman,,May of,2023,,,This is my first formal economics course,,I am interested in economics as a subject.,,,"Wall Street-type occupation,Consultant,Lawyer",50,I expect a double major with economics being one of my majors,,Pick one or two majors,,,,,,,,,,,,,,,,,,,,,,,,,Pick one or two majors,,,,,,,,,,,,,,,,,,,,,,,,,,,,,,,,,,,,,,,,Yes,Neutral,Yes,Netural,Netural,Netural,Yes,Neutral,Yes,Extremely competitive,Extremely competitive,No chance,No chance,"Asset pricing,Optimal rate at which to switch telephone service providers",9,2,4,9,7,5,Daily,3,2,2,"No, it is irrelevant.",,Both of my parents received a college or university degree.,False,No,White (including Middle Eastern),Female,Yes,,
2020-04-23 20:40:24,2020-04-23 21:06:01,IP Address,73.7.86.65,100,1536,True,2020-04-23 21:06:02,R_1DOSxt4wF1XwAYK,,,,,33.822906494140625,-84.3535003662109375,anonymous,EN,caw112,Freshman,,May of,2023,,,This is my first formal economics course,,"I am exploring potential interests.,I am exploring potential career paths.,I am interested in economics as a subject.,It will help me achieve my career goals.",,,"Policy Analyst,Consultant,Working for a government agency, non-profit, foundation, NGO, etc.",20,"No, I do not expect to major in economics",,,,,,,,,,,,,,,,,,,,,,,,,,,,,,,,,,,,,,,,,,,,,,Pick one or two majors,,,,,,,,,,,,,,,,,,,,Pick one or two majors,Yes,Yes,Yes,Yes,Yes,Yes,Yes,Yes,Yes,Extremely competitive,Extremely competitive,I now feel like it is less competitive,I now feel like it is less competitive,"Asset pricing,Marriage and divorce,Compliance by AIDS patients with their prescribed drug regimens,Protection of endangered species,Optimal rate at which to switch telephone service providers",3,1,1,2,5,9,Daily,3,2,1,"No, it is irrelevant.",,Both of my parents received a college or university degree.,True,No,Black or African America (including Africa and Caribbean),Male,Yes,"My responses haven't really been affected by the COVID-19 crisis. ",
2020-04-24 14:06:34,2020-04-24 14:14:29,IP Address,24.211.228.109,100,475,True,2020-04-24 14:14:29,R_2Sv43ZoK0L5iwp3,,,,,35.9181976318359375,-79.00350189208984375,anonymous,EN,dw271,Freshman,,May of,2023,,,This is my first formal economics course,,"I am exploring potential interests.,I am exploring potential career paths.",,,Medical profession,25,"No, I do not expect to major in economics",,,,,,,,,,,,,,,,,,,,,,,,,,,,,,,,,,,,,Pick one or two majors,,,,,,,,,,,,,,Pick one or two majors,,,,,,,,,,,,,,,,Yes,No,I'm not sure,Yes,Netural,I'm not sure,Yes,Neutral,I'm not sure,Above-average competitive,Extremely competitive,I now feel like it is less competitive,I now feel like it is less competitive,None of the above,9,4,2,10,9,7,A few times a week,1,2,2,"No, it is irrelevant.",,Both of my parents received a college or university degree.,True,No,Asian (including Indian subcontinent and Philippines),Female,Yes,COVID-19 made me made me even more interested in social relationships and the organization and structure of society. I feel like I think about it a lot more and I've been reading quite a bit regarding the topic.,
2020-04-24 14:13:41,2020-04-24 14:19:57,IP Address,67.81.222.32,100,375,True,2020-04-24 14:19:57,R_3hbyuOiu0WSUuQq,,,,,41.780303955078125,-73.68849945068359375,anonymous,EN,cab171,Freshman,,May of,2023,,,Other—please describe.,A- level economics,I am interested in economics as a subject.,,,None of the above,30,"No, I do not expect to major in economics",,,,,,,,,,,,,,,,,,,,,,,,,,,,,,,,,,,,,,,,,,,,,,,,,,,,,,,,,,,,,,,,,,Pick one or two majors,No,No,No,No,No,No,Yes,Yes,Yes,Average,Average,No chance,I now feel like it is less competitive,Asset pricing,10,3,1,0,10,10,A few times a week,2,3,2,"No, it is irrelevant.",,Both of my parents received a college or university degree.,False,No,White (including Middle Eastern),Female,Yes,,
2020-04-25 08:35:45,2020-04-25 08:41:42,IP Address,75.108.50.94,100,357,True,2020-04-25 08:41:43,R_2YQVsUy4ihSFFSo,,,,,35.5890960693359375,-77.345001220703125,anonymous,EN,emm89,Junior,,May of,2021,,,This is my first formal economics course,,I am interested in economics as a subject.,,,Medical profession,100,I expect a single major in economics,,,,Pick one or two majors,,,,,,,,,,,,,,,,,,,,,,,,,,Pick one or two majors,,,,,,,,,,,,,,,,,,,,,,,,,,,,,,,,,,,,,Yes,Neutral,Neutral,Yes,Yes,Netural,Yes,Yes,Yes,Above-average competitive,Extremely competitive,No chance,No chance,"Asset pricing,Marriage and divorce,Compliance by AIDS patients with their prescribed drug regimens,Protection of endangered species,Optimal rate at which to switch telephone service providers",10,10,1,1,8,10,A few times a month,0,2,0,"No, it is irrelevant.",,Both of my parents received a college or university degree.,True,No,White (including Middle Eastern),Female,Yes,,
2020-04-25 19:38:31,2020-04-25 19:48:48,IP Address,96.255.88.165,100,616,True,2020-04-25 19:48:48,R_7Up8DNwHSq06Hdf,,,,,38.9618072509765625,-77.11930084228515625,anonymous,EN,lol69,Junior,,May of,2021,,,This is my first formal economics course,,"I am interested in economics as a subject.,Other—please describe.","Econ is one of those things that everyone should take, whether in college or high school. It's critical in knowing how the world works. Hopefully it will help me when I one day do entrepreneurship, but it's already helped me in my personal finances and daily life.",,Academic or Researcher,0,"No, I do not expect to major in economics",,,,,,,,,,,,,,,,,,,,,,,,,,,,,,,,,,,,,,,,,,Pick one or two majors,,Pick one or two majors,,,,,,,,,,,,,,,,,,,,,,,Yes,Yes,Yes,Yes,Yes,Yes,Yes,Yes,Yes,Above-average competitive,Above-average competitive,No chance,No chance,"Asset pricing,Marriage and divorce,Compliance by AIDS patients with their prescribed drug regimens,Protection of endangered species,Optimal rate at which to switch telephone service providers",10,10,3,2,6,8,A few times a week,3,2,0,Other. Please explain:,"I am a junior majoring in engineering, and never considered economics, so no change.",Both of my parents received a college or university degree.,True,,,,Yes,"Nope. It's been business as usual, just with online lectures that obviously aren't as engaging or fun as in-person, but that's just because of the medium, not the professor.","The NetID at the top is obviously not real. I would appreciate making the NetID an optional piece of info for this *optional* survey. All of the information I provided was truthful and honest, I just don't necessarily want my name on it for people I don't know to see. Yes, you could probably track me down given my responses since I'm not the typical Econ 101 student, but that wouldn't really be in the spirit of research integrity, now would it?"
2020-04-25 21:06:06,2020-04-25 21:09:28,IP Address,104.49.1.31,100,201,True,2020-04-25 21:09:28,R_3OqVgIv83riLwYU,,,,,34.3914031982421875,-77.659698486328125,anonymous,EN,iml11,Freshman,,May of,2023,,,This is my first formal economics course,,"I am exploring potential interests.,I am exploring potential career paths.,I am interested in economics as a subject.,It will help me achieve my career goals.",,Scheduling issues,"Academic or Researcher,Wall Street-type occupation,Consultant,Working for a government agency, non-profit, foundation, NGO, etc.,Medical profession",97,I expect a double major with economics being one of my majors,,,,,,,,,,,,,,,,,,Pick one or two majors,,,,,,,,,,,,,,Pick one or two majors,,,,,,,,,,,,,,,,,,,,,,,,,,,,,,,,,,,Yes,Yes,Yes,Yes,Yes,Yes,Yes,Yes,Yes,Extremely competitive,Extremely competitive,I now feel like it is less competitive,I now feel like it is less competitive,"Asset pricing,Protection of endangered species,Optimal rate at which to switch telephone service providers",5,3,1,4,6,6,A few times a week,3,2,2,"No, it is irrelevant.",,Only my father received a college or university degree.,True,No,Asian (including Indian subcontinent and Philippines),Female,Yes,No,
2020-04-27 18:34:55,2020-04-27 18:38:09,IP Address,75.73.62.70,100,193,True,2020-04-27 18:38:10,R_27d6Sr0QW4kfMIf,,,,,44.9015045166015625,-93.3719024658203125,anonymous,EN,cwd21,Freshman,,May of,2023,,,This is my first formal economics course,,"I am exploring potential interests.,I am exploring potential career paths.,I am interested in economics as a subject.,It will help me achieve my career goals.",,,"Wall Street-type occupation,Policy Analyst,Consultant",15,"No, I do not expect to major in economics",,,,,,,,,,,,,,,,,,,,,,,,,,,,,,,,,,,,,,,,,,,,,,,,,,,,,,Pick one or two majors,,,,,,,,,,,,,Yes,Yes,Yes,Yes,Netural,Yes,Yes,Neutral,Yes,Below-average competitive,Average,No chance,No chance,"Asset pricing,Marriage and divorce,Compliance by AIDS patients with their prescribed drug regimens,Protection of endangered species,Optimal rate at which to switch telephone service providers",10,10,4,6,7,7,A few times a week,2,2,2,"No, it is irrelevant.",,Both of my parents received a college or university degree.,True,No,White (including Middle Eastern),Male,Yes,No,
